id,name,model_id:id,group_id:id,perm_read,perm_write,perm_create,perm_unlink
access_trailer_standard_user,trailer standard user,model_trailer_inspection_standard,group_trailer_inspection_user,1,0,0,0
access_trailer_standard_manager,trailer standard manager,model_trailer_inspection_standard,group_trailer_manager,1,1,1,1
access_trailer_section_user,trailer section user,model_trailer_inspection_section,group_trailer_inspection_user,1,0,0,0
access_trailer_section_manager,trailer section manager,model_trailer_inspection_section,group_trailer_manager,1,1,1,1
access_trailer_requirement_user,trailer requirement user,model_trailer_inspection_requirement,group_trailer_inspection_user,1,0,0,0
access_trailer_requirement_manager,trailer requirement manager,model_trailer_inspection_requirement,group_trailer_manager,1,1,1,1
access_trailer_equipment_user,trailer equipment user,model_trailer_inspection_equipment,group_trailer_inspection_user,1,0,0,0
access_trailer_equipment_manager,trailer equipment manager,model_trailer_inspection_equipment,group_trailer_manager,1,1,1,1
access_trailer_authorization_user,trailer authorization user,model_trailer_inspector_authorization,group_trailer_inspection_user,1,0,0,0
access_trailer_authorization_manager,trailer authorization manager,model_trailer_inspector_authorization,group_trailer_manager,1,1,1,1
access_trailer_inspection_user,trailer inspection user,model_trailer_inspection,group_trailer_inspection_user,1,1,1,0
access_trailer_inspection_manager,trailer inspection manager,model_trailer_inspection,group_trailer_manager,1,1,1,1
access_trailer_axle_user,trailer axle user,model_trailer_inspection_axle,group_trailer_inspection_user,1,1,1,1
access_trailer_line_user,trailer line user,model_trailer_inspection_line,group_trailer_inspection_user,1,1,1,1
access_trailer_photo_user,trailer photo user,model_trailer_inspection_photo,group_trailer_inspection_user,1,1,1,1
access_trailer_equipment_use_user,trailer equipment use user,model_trailer_inspection_equipment_use,group_trailer_inspection_user,1,1,1,1
access_trailer_nc_user,trailer nonconformity user,model_trailer_inspection_nonconformity,group_trailer_inspection_user,1,1,1,0
access_trailer_nc_manager,trailer nonconformity manager,model_trailer_inspection_nonconformity,group_trailer_manager,1,1,1,1
access_trailer_quality_document_user,trailer quality document user,model_trailer_quality_document,group_trailer_inspection_user,1,0,0,0
access_trailer_quality_document_manager,trailer quality document manager,model_trailer_quality_document,group_trailer_manager,1,1,1,1
access_trailer_quality_complaint_user,trailer quality complaint user,model_trailer_quality_complaint,group_trailer_inspection_user,1,1,1,0
access_trailer_quality_complaint_manager,trailer quality complaint manager,model_trailer_quality_complaint,group_trailer_manager,1,1,1,1
access_trailer_inspection_import_manager,trailer inspection import manager,model_trailer_inspection_import,group_trailer_manager,1,1,1,1
access_trailer_vin_profile_user,trailer vin profile user,model_trailer_vin_profile,group_trailer_inspection_user,1,0,0,0
access_trailer_vin_profile_manager,trailer vin profile manager,model_trailer_vin_profile,group_trailer_manager,1,1,1,1
access_trailer_vin_sequence_manager,trailer vin sequence manager,model_trailer_vin_sequence,group_trailer_manager,1,0,0,0
