id,name,name_ar,name_en,code,clause_ref,section_id:id,standard_id:id,criterion_ar,criterion_en,sequence,criticality,response_type,minimum_value,maximum_value,unit,applies_o1,applies_o2,applies_o3,applies_o4,evidence_required,equipment_required,active
req_04_02,External projections,البروز الخارجي للنوافذ والمرايا,External projections of windows and mirrors,REQ-04-02,4.2,trailer_inspection_saso.section_dimensions,trailer_inspection_saso.standard_saso_2910_2022,ألا يزيد البروز الخارجي عن 300 مم وفق الاستثناء المحدد للمرايا,External projection shall not exceed 300 mm subject to the mirror exception,10,major,numeric,,0.3,m,1,1,1,1,0,1,1
req_04_03,Overall length,الطول الكلي للمركبة,Overall vehicle length,REQ-04-03,4.3,trailer_inspection_saso.section_dimensions,trailer_inspection_saso.standard_saso_2910_2022,ألا يتجاوز الطول 20 م للشاحنة والمقطورة أو 23 م للجرار ونصف المقطورة أو 25.25 م للمقطورة المزدوجة,Length shall not exceed 20 m for truck-trailer or 23 m for tractor-semi-trailer or 25.25 m for double trailer,20,critical,choice,,,,1,1,1,1,0,1,1
req_04_04,Overall width,العرض الكلي للمركبة,Overall vehicle width,REQ-04-04,4.4,trailer_inspection_saso.section_dimensions,trailer_inspection_saso.standard_saso_2910_2022,ألا يزيد العرض الكلي عن 2.6 م,Overall width shall not exceed 2.6 m,30,critical,numeric,,2.6,m,1,1,1,1,0,1,1
req_04_05,Overall height,الارتفاع الكلي للمركبة,Overall vehicle height,REQ-04-05,4.5,trailer_inspection_saso.section_dimensions,trailer_inspection_saso.standard_saso_2910_2022,ألا يزيد الارتفاع الكلي عن 4.5 م,Overall height shall not exceed 4.5 m,40,critical,numeric,,4.5,m,1,1,1,1,0,1,1
req_05_01,Adequate road clearance,خلوص كاف عن سطح الطريق,Adequate road clearance,REQ-05-01,5.1,trailer_inspection_saso.section_clearance,trailer_inspection_saso.standard_saso_2910_2022,وجود خلوص كاف لجميع الأجزاء غير الملامسة للأرض لضمان القيادة الآمنة,All non-ground-contact parts shall have adequate clearance for safe driving,50,major,choice,,,,1,1,1,1,0,0,1
req_05_02,No rigid ground contact,عدم ملامسة الأجزاء الصلبة للأرض,No rigid parts contact the ground,REQ-05-02,5.2,trailer_inspection_saso.section_clearance,trailer_inspection_saso.standard_saso_2910_2022,ألا تلامس الأجزاء الصلبة سطح الأرض أو تتعرض للتلف بالصدمات,Rigid parts shall not contact level ground or be damaged by impact,60,major,choice,,,,1,1,1,1,0,0,1
req_05_03,Guards for projections,حماية الأجزاء البارزة,Protection for projecting parts,REQ-05-03,5.3,trailer_inspection_saso.section_clearance,trailer_inspection_saso.standard_saso_2910_2022,تأمين الأجزاء البارزة بحواجز مناسبة عند الحاجة,Projecting rigid parts shall be guarded where required,70,major,choice,,,,1,1,1,1,0,0,1
req_06_01,Gross vehicle weight,الوزن الإجمالي للمركبة,Gross vehicle weight,REQ-06-01,6.1,trailer_inspection_saso.section_weight,trailer_inspection_saso.standard_saso_2910_2022,الوزن الإجمالي لا يتجاوز مجموع سعات المحاور وحد 45 طن أو 60 طن للمقطورة المزدوجة,GVW shall not exceed axle capacities and 45 t or 60 t for a double trailer,80,critical,choice,,,,1,1,1,1,1,1,1
req_06_05,Landing leg capacity,قدرة أرجل تحميل نصف المقطورة,Semi-trailer landing leg capacity,REQ-06-05,6.5,trailer_inspection_saso.section_weight,trailer_inspection_saso.standard_saso_2910_2022,تتحمل الدعامات الحمل الكامل مضافا إليه 10 بالمئة,Landing legs shall support the full load plus 10 percent,90,critical,choice,,,,1,1,1,1,1,0,1
req_06_07_01,Axle and tyre capacity,سعة المحاور والإطارات,Axle and tyre capacity,REQ-06-07-01,6.7.1,trailer_inspection_saso.section_weight,trailer_inspection_saso.standard_saso_2910_2022,سعة كل محور لا تتجاوز مواصفة الصانع ولا مجموع السعات القصوى للإطارات,Axle capacity shall respect manufacturer limits and combined tyre capacities,100,critical,choice,,,,1,1,1,1,1,1,1
req_07_01,Straight-line stability,الاتزان في السير المستقيم,Straight-line stability,REQ-07-01,7.1,trailer_inspection_saso.section_stability,trailer_inspection_saso.standard_saso_2910_2022,ألا تنحرف المقطورة إلى اليمين أو اليسار أثناء القيادة,Trailer shall not pull left or right during driving,110,critical,choice,,,,1,1,1,1,0,0,1
req_07_03_01,Manoeuvrability envelope,مسار المناورة الدائري,Manoeuvrability envelope,REQ-07-03-01,7.3.1,trailer_inspection_saso.section_stability,trailer_inspection_saso.standard_saso_2910_2022,إكمال مسار 360 درجة بين نصف قطر خارجي 12.50 م وداخلي 5.30 م,Vehicle shall complete a 360 degree path within 12.50 m outer and 5.30 m inner radii,120,critical,choice,,,,1,1,1,1,1,1,1
req_08_02,Electrical bonding resistance,مقاومة الربط الكهربائي,Electrical bonding resistance,REQ-08-02,8.2,trailer_inspection_saso.section_electrical,trailer_inspection_saso.standard_saso_2910_2022,في المركبات الهجينة تكون المقاومة أقل من 0.1 أوم عند تيار لا يقل عن 0.2 أمبير,For hybrid vehicles resistance shall be below 0.1 ohm at not less than 0.2 ampere,130,critical,numeric,,0.1,ohm,1,1,1,1,1,1,1
req_08_05,Electrical enclosure protection,حماية الأجزاء الكهربائية,Electrical enclosure protection,REQ-08-05,8.5,trailer_inspection_saso.section_electrical,trailer_inspection_saso.standard_saso_2910_2022,حماية الأجزاء الكهربائية من المؤثرات الخارجية والأجسام الغريبة والماء,Electrical parts shall be protected from external influence foreign objects and water,140,critical,choice,,,,1,1,1,1,0,0,1
req_08_07,Battery terminal protection,حماية أطراف البطارية وتهوية الصندوق,Battery terminal protection and ventilation,REQ-08-07,8.7,trailer_inspection_saso.section_electrical,trailer_inspection_saso.standard_saso_2910_2022,عزل أطراف البطارية ووضعها في صندوق ذي فتحات تهوية,Battery terminals shall be insulated and installed in a vented box,150,critical,choice,,,,1,1,1,1,0,0,1
req_08_09,Electrical isolation switch,مفتاح فصل الدوائر الكهربائية,Electrical isolation switch,REQ-08-09,8.9,trailer_inspection_saso.section_electrical,trailer_inspection_saso.standard_saso_2910_2022,وضع مفتاح فصل الدوائر في أقرب مكان عملي من البطارية,Circuit isolation switch shall be as close as practicable to the battery,160,critical,choice,,,,1,1,1,1,0,0,1
req_09_01,Safe braking performance,أداء فرملة آمن,Safe braking performance,REQ-09-01,9.1,trailer_inspection_saso.section_brakes,trailer_inspection_saso.standard_saso_2910_2022,نظام الفرامل مناسب للمقطورة ويضمن الأداء الآمن في الظروف العادية والطارئة,Braking system shall suit the trailer and ensure safe normal and emergency braking,170,critical,choice,,,,1,1,1,1,1,1,1
req_09_04,Prohibited brake materials,حظر الأسبست والكادميوم,Prohibited brake materials,REQ-09-04,9.4,trailer_inspection_saso.section_brakes,trailer_inspection_saso.standard_saso_2910_2022,عدم استخدام مواد مؤثرة على الصحة مثل الأسبست والكادميوم,Brake system shall not use health-affecting materials such as asbestos or cadmium,180,critical,choice,,,,1,1,1,1,1,0,1
req_09_06,Brake pipe protection,حماية مواسير الفرامل,Brake pipe protection,REQ-09-06,9.6,trailer_inspection_saso.section_brakes,trailer_inspection_saso.standard_saso_2910_2022,تثبيت المواسير وحمايتها من الاهتزاز والتآكل وصنعها من مواد مقاومة للصدأ,Brake pipes shall be secured and resistant to vibration abrasion and corrosion,190,critical,choice,,,,1,1,1,1,0,0,1
req_09_07,Parking brake gradient,ثبات فرامل الانتظار على الميل,Parking brake holding gradient,REQ-09-07,9.7,trailer_inspection_saso.section_brakes,trailer_inspection_saso.standard_saso_2910_2022,إبقاء المركبة ثابتة على الميل المحدد وبآلية غلق ميكانيكية,Parking brake shall hold the vehicle on the specified gradient with mechanical locking,200,critical,choice,,,,1,1,1,1,1,1,1
req_09_08,ABS for O3 and O4,نظام ABS للفئتين O3 وO4,ABS for O3 and O4,REQ-09-08,9.8,trailer_inspection_saso.section_brakes,trailer_inspection_saso.standard_saso_2910_2022,تزويد المقطورات من فئة O3 وO4 بنظام مانع انغلاق المكابح,Trailers in categories O3 and O4 shall have ABS,210,critical,choice,,,,0,0,1,1,1,0,1
req_10_02,Suspension capacity,كفاءة نظام التعليق وامتصاص الصدمات,Suspension and shock absorption capacity,REQ-10-02,10.2,trailer_inspection_saso.section_suspension,trailer_inspection_saso.standard_saso_2910_2022,نظام التعليق وامتصاص الصدمات مناسب للوزن الإجمالي والطرق غير المستوية,Suspension and shock absorption shall suit GVW and uneven roads,220,critical,choice,,,,1,1,1,1,0,0,1
req_10_03,Construction site suspension,تعليق المقطورات المستخدمة في مواقع البناء,Construction-site trailer suspension,REQ-10-03,10.3,trailer_inspection_saso.section_suspension,trailer_inspection_saso.standard_saso_2910_2022,مناسبة نظام التعليق لأقصى حمل وللتضاريس الوعرة عند الاستخدام الإنشائي,Suspension shall suit maximum load and rough terrain for construction use,230,major,choice,,,,1,1,1,1,0,0,1
req_10_04,Suspension durability evidence,دليل اختبار متانة نظام التعليق,Suspension durability evidence,REQ-10-04,10.4,trailer_inspection_saso.section_suspension,trailer_inspection_saso.standard_saso_2910_2022,توافر تقارير اختبار المتانة وفقا للمواصفات ذات العلاقة,Durability test reports shall be available against relevant specifications,240,major,choice,,,,1,1,1,1,1,0,1
req_11_01,Frame and body integrity,سلامة وقوة الهيكل والجسم,Frame and body integrity,REQ-11-01,11.1,trailer_inspection_saso.section_frame,trailer_inspection_saso.standard_saso_2910_2022,الهيكل والجسم آمنان وقويان لتحمل التشغيل الكامل,Frame and body shall safely withstand full trailer operation,250,critical,choice,,,,1,1,1,1,0,0,1
req_11_02,Chassis load strength,قدرة الشاسيه على تحمل الحمولة,Chassis load strength,REQ-11-02,11.2,trailer_inspection_saso.section_frame,trailer_inspection_saso.standard_saso_2910_2022,الشاسيه قوي بما يكفي لتحمل أقصى حمولة مطبقة,Chassis shall be strong enough for the maximum applied load,260,critical,choice,,,,1,1,1,1,1,0,1
req_11_05,Rear and side underrun protection,حواجز الحماية الخلفية والجانبية,Rear and side underrun protection,REQ-11-05,11.5,trailer_inspection_saso.section_frame,trailer_inspection_saso.standard_saso_2910_2022,تركيب حواجز خلفية وجانبية للحماية من الدخول أسفل المركبة,Rear and side underrun protective devices shall be installed,270,critical,choice,,,,1,1,1,1,1,0,1
req_11_06,Rear underrun over 3.5 t,الحاجز الخلفي للمركبات فوق 3.5 طن,Rear underrun protection over 3.5 t,REQ-11-06,11.6,trailer_inspection_saso.section_frame,trailer_inspection_saso.standard_saso_2910_2022,المقطورات التي تتجاوز 3.5 طن مزودة بحاجز حماية خلفي,Trailers exceeding 3.5 t shall have rear underrun protection,280,critical,choice,,,,0,0,1,1,1,0,1
req_11_07,Lateral protection over 3.5 t,الحماية الجانبية للمركبات فوق 3.5 طن,Lateral protection over 3.5 t,REQ-11-07,11.7,trailer_inspection_saso.section_frame,trailer_inspection_saso.standard_saso_2910_2022,وجود حماية جانبية فعالة بطول الجانبين للمقطورات التي تتجاوز 3.5 طن,Trailers exceeding 3.5 t shall have effective lateral protection on both sides,290,critical,choice,,,,0,0,1,1,1,0,1
req_11_08,Spray suppression,أجهزة منع الرذاذ وأغطية الإطارات,Spray suppression devices,REQ-11-08,11.8,trailer_inspection_saso.section_frame,trailer_inspection_saso.standard_saso_2910_2022,تركيب أجهزة منع الرذاذ بما يضمن عملها على الطرق المبتلة,Spray suppression devices shall operate correctly on wet roads,300,major,choice,,,,1,1,1,1,0,0,1
req_11_11,Registration plate location,مكان تثبيت لوحة التسجيل,Registration plate mounting location,REQ-11-11,11.11,trailer_inspection_saso.section_frame,trailer_inspection_saso.standard_saso_2910_2022,توفير موقع خلفي مناسب لتثبيت لوحة التسجيل وفقا SASO 572,A suitable rear location shall be provided for the SASO 572 registration plate,310,major,choice,,,,1,1,1,1,0,0,1
req_12_01,Towed path deviation,انحراف مسار المركبة المقطورة,Towed vehicle path deviation,REQ-12-01,12.1,trailer_inspection_saso.section_coupling,trailer_inspection_saso.standard_saso_2910_2022,ألا يتجاوز انحراف المسار 76 مم على جانبي مسار المركبة القاطرة,Path deviation shall not exceed 76 mm either side of the towing vehicle path,320,critical,numeric,,76,mm,1,1,1,1,0,1,1
req_12_03,Coupling compatibility,توافق أبعاد جهاز الجر,Coupling dimensional compatibility,REQ-12-03,12.3,trailer_inspection_saso.section_coupling,trailer_inspection_saso.standard_saso_2910_2022,تحديد الصانع لأبعاد التوافق بين جهاز الجر والمقطورة والمركبة القاطرة,Manufacturer shall define compatible coupling dimensions,330,critical,choice,,,,1,1,1,1,1,0,1
req_12_05,Fifth wheel locking,آلية غلق العجلة الخامسة,Fifth wheel locking mechanism,REQ-12-05,12.5,trailer_inspection_saso.section_coupling,trailer_inspection_saso.standard_saso_2910_2022,وجود آلية غلق فعالة لكل مجموعة عجلة خامسة,Every fifth-wheel assembly shall have an effective locking mechanism,340,critical,choice,,,,1,1,1,1,0,0,1
req_13_02,Tyre performance evidence,دليل اختبارات أداء الإطارات,Tyre performance test evidence,REQ-13-02,13.2,trailer_inspection_saso.section_wheels,trailer_inspection_saso.standard_saso_2910_2022,توافر دليل اختبارات التحمل والسرعة والمتانة والحرارة والدوران والتماسك وفق ECE 117,Evidence shall cover endurance speed strength temperature rolling resistance and wet grip under ECE 117,350,critical,choice,,,,1,1,1,1,1,0,1
req_13_03,Retread tyre marking,بيانات الإطارات المجددة,Retread tyre marking,REQ-13-03,13.3,trailer_inspection_saso.section_wheels,trailer_inspection_saso.standard_saso_2910_2022,ظهور بيانات الإطار المجدد على الجوانب المطلوبة,Retread markings shall appear on the required sidewalls,360,major,choice,,,,1,1,1,1,0,0,1
req_13_04,Retread category restriction,قصر الإطارات المجددة على O3 وO4,Retread category restriction,REQ-13-04,13.4,trailer_inspection_saso.section_wheels,trailer_inspection_saso.standard_saso_2910_2022,لا تقبل الإطارات الهوائية المجددة إلا لفئتي O3 وO4,Retreaded pneumatic tyres are accepted only for O3 and O4 trailers,370,critical,choice,,,,1,1,1,1,0,0,1
req_13_05,Spare tyre,الإطار الاحتياطي,Spare tyre,REQ-13-05,13.5,trailer_inspection_saso.section_wheels,trailer_inspection_saso.standard_saso_2910_2022,تزويد المقطورة بإطار احتياطي مناسب,Trailer shall be provided with a suitable spare tyre,380,major,choice,,,,1,1,1,1,0,0,1
req_14_01_02,Lighting installation security,ثبات معدات الإضاءة,Secure lighting installation,REQ-14-01-02,14.1.2,trailer_inspection_saso.section_lighting,trailer_inspection_saso.standard_saso_2910_2022,ثبات معدات الإضاءة وعملها تحت ظروف الاستخدام والاهتزاز العادي,Lighting equipment shall remain secure and satisfactory under normal vibration,390,critical,choice,,,,1,1,1,1,0,0,1
req_14_01_03,Paired lamp symmetry,تماثل المصابيح المركبة في أزواج,Paired lamp symmetry,REQ-14-01-03,14.1.3,trailer_inspection_saso.section_lighting,trailer_inspection_saso.standard_saso_2910_2022,تطابق لون وخصائص المصابيح المركبة في أزواج وتماثل مواضعها,Paired lamps shall match in colour photometric characteristics and position,400,major,choice,,,,1,1,1,1,0,0,1
req_14_02_01,Stop lamps,مصابيح التوقف الخلفية,Rear stop lamps,REQ-14-02-01,14.2.1,trailer_inspection_saso.section_lighting,trailer_inspection_saso.standard_saso_2910_2022,مصباح توقف أحمر في كل جانب خلفي يعمل مع فرامل الخدمة,One red stop lamp on each rear side actuated by service braking,410,critical,choice,,,,1,1,1,1,0,0,1
req_14_02_02,Rear position lamps,مصابيح الوضع الخلفية,Rear position lamps,REQ-14-02-02,14.2.2,trailer_inspection_saso.section_lighting,trailer_inspection_saso.standard_saso_2910_2022,مصباح وضع أحمر واحد على الأقل بكل جانب خلفي يعمل بالتزامن,At least one red rear position lamp per side operating simultaneously,420,critical,choice,,,,1,1,1,1,0,0,1
req_14_02_03,Reversing lamps,مصابيح الرجوع للخلف,Reversing lamps,REQ-14-02-03,14.2.3,trailer_inspection_saso.section_lighting,trailer_inspection_saso.standard_saso_2910_2022,ألا يزيد عدد مصابيح الرجوع للخلف عن مصباحين,No more than two reversing lamps shall be fitted,430,major,choice,,,,1,1,1,1,0,0,1
req_14_02_04,Direction indicators,مصابيح تحديد الاتجاه,Direction indicator lamps,REQ-14-02-04,14.2.4,trailer_inspection_saso.section_lighting,trailer_inspection_saso.standard_saso_2910_2022,وجود مؤشري اتجاه خلفيين واضحين نهارا وباللون المسموح,Two rear direction indicators shall be daylight-visible and use an allowed colour,440,critical,choice,,,,1,1,1,1,0,0,1
req_14_02_05,Hazard warning lamps,مصابيح التحذير من المخاطر,Hazard warning lamps,REQ-14-02-05,14.2.5,trailer_inspection_saso.section_lighting,trailer_inspection_saso.standard_saso_2910_2022,تشغيل مؤشري الاتجاه الخلفيين معا كإشارة تحذير من المخاطر,Rear direction indicators shall operate simultaneously as hazard warning lamps,450,critical,choice,,,,1,1,1,1,0,0,1
req_14_02_06,Clearance lamps,مصابيح بيان حدود العرض,Clearance lamps,REQ-14-02-06,14.2.6,trailer_inspection_saso.section_lighting,trailer_inspection_saso.standard_saso_2910_2022,للعرض الأكبر من 2.1 م مصباح خلوص على الأقل في كل جانب أماما وخلفا,For width over 2.1 m at least one clearance lamp per side front and rear,460,major,choice,,,,1,1,1,1,0,0,1
req_14_02_07,Side marker lamps,مصابيح العلامات الجانبية,Side marker lamps,REQ-14-02-07,14.2.7,trailer_inspection_saso.section_lighting,trailer_inspection_saso.standard_saso_2910_2022,للطول الأكبر من 6 م وجود علامات جانبية أو عواكس على الجانبين,For length over 6 m side marker lamps or reflectors shall be fitted on both sides,470,major,choice,,,,1,1,1,1,0,0,1
req_14_02_07_01,Side reflectors,العواكس الجانبية,Side reflectors,REQ-14-02-07-01,14.2.7.1,trailer_inspection_saso.section_lighting,trailer_inspection_saso.standard_saso_2910_2022,وضوح العواكس ليلا وانعكاس اللون المحدد حسب الموضع,Side reflectors shall be night-visible and reflect the specified colour by position,480,major,choice,,,,1,1,1,1,0,0,1
req_14_02_08,Registration plate lamp,إضاءة لوحة التسجيل,Registration plate lamp,REQ-14-02-08,14.2.8,trailer_inspection_saso.section_lighting,trailer_inspection_saso.standard_saso_2910_2022,ضوء أبيض يجعل اللوحة الخلفية واضحة من مسافة 20 م ويعمل مع أنوار الوضع,White lamp shall make the rear plate visible from 20 m and operate with position lamps,490,major,numeric,20,,m,1,1,1,1,0,1,1
req_14_02_09,Rear fog lamp,مصباح الضباب الخلفي,Rear fog lamp,REQ-14-02-09,14.2.9,trailer_inspection_saso.section_lighting,trailer_inspection_saso.standard_saso_2910_2022,إذا ركب مصباح ضباب خلفي فيكون واحدا على الأقل ولونه أحمر,If fitted at least one rear fog lamp shall display red,500,minor,choice,,,,1,1,1,1,0,0,1
req_16_01_04,VIN length,طول الرقم المميز للمركبة,VIN length,REQ-16-01-04,16.1.4,trailer_inspection_saso.section_vin,trailer_inspection_saso.standard_saso_2910_2022,يتكون الرقم المميز للمركبة من 17 خانة,The VIN shall contain exactly 17 characters,510,critical,text,,,,1,1,1,1,1,0,1
req_16_01_09,VIN external readability,وضوح موقع الرقم المميز من الخارج,VIN external readability,REQ-16-01-09,16.1.9,trailer_inspection_saso.section_vin,trailer_inspection_saso.standard_saso_2910_2022,موقع الرقم المميز واضح ويمكن قراءته من الخارج وفقا SASO 2251,VIN location shall be readable from outside in accordance with SASO 2251,520,critical,choice,,,,1,1,1,1,1,0,1
req_16_01_10,VIN permanence and location,ديمومة وموقع نقش الرقم المميز,VIN permanence and location,REQ-16-01-10,16.1.10,trailer_inspection_saso.section_vin,trailer_inspection_saso.standard_saso_2910_2022,رقم مميز خاص بالمركبة منقوش بشكل دائم في الهيكل بالموقع المحدد,VIN shall be unique to the vehicle and permanently engraved at the specified chassis location,530,critical,choice,,,,1,1,1,1,1,0,1
req_17_02,Compliance plate durability,متانة وثبات بطاقة البيانات,Compliance plate durability and permanence,REQ-17-02,17.2,trailer_inspection_saso.section_plate,trailer_inspection_saso.standard_saso_2910_2022,بطاقة البيانات من مادة مقاومة للتلف ومثبتة بحيث لا تزال دون إتلافها,Plate shall resist deterioration and be permanently affixed,540,critical,choice,,,,1,1,1,1,1,0,1
req_17_02_03,Compliance plate contents,محتويات بطاقة البيانات,Compliance plate contents,REQ-17-02-03,17.2.3,trailer_inspection_saso.section_plate,trailer_inspection_saso.standard_saso_2910_2022,تتضمن البطاقة الصانع والبلد وتاريخ الإنتاج وGVW وGAW والرقم المميز والفئة وعبارة المطابقة,Plate shall include manufacturer country production date GVW GAW VIN category and conformity statement,550,critical,choice,,,,1,1,1,1,1,0,1
